{"cameraMode":{"drawMode":0,"name":"Shaded","section":"Shading Mode"},"sceneLighting":true,"audioPlay":false,"sceneViewState":{"m_AlwaysRefresh":false,"showFog":true,"showSkybox":true,"showFlares":true,"showImageEffects":true,"showParticleSystems":true,"showVisualEffectGraphs":true,"m_FxEnabled":true},"in2DMode":false,"pivot":{"x":0.5611078143119812,"y":-1.1439908742904664,"z":-1.1790719032287598},"rotation":{"x":-0.1771996021270752,"y":0.08461964130401612,"z":-0.015294218435883522,"w":-0.9804120659828186},"size":4.94099235534668,"orthographic":false}